Plasma Protein,Gene Name,Source,UniProt Accession,Full Amino Acid Sequence
Albumin,ALB,>sp|P02768|ALBU_HUMAN Albumin OS=Homo sapiens OX=9606 GN=ALB PE=1 SV=2,P02768,"MKWVTFISLLFLFSSAYSRGVFRRDAHKSEVAHRFKDLGEENFKALVLIAFAQYLQQCPF
EDHVKLVNEVTEFAKTCVADESAENCDKSLHTLFGDKLCTVATLRETYGEMADCCAKQEP
ERNECFLQHKDDNPNLPRLVRPEVDVMCTAFHDNEETFLKKYLYEIARRHPYFYAPELLF
FAKRYKAAFTECCQAADKAACLLPKLDELRDEGKASSAKQRLKCASLQKFGERAFKAWAV
ARLSQRFPKAEFAEVSKLVTDLTKVHTECCHGDLLECADDRADLAKYICENQDSISSKLK
ECCEKPLLEKSHCIAEVENDEMPADLPSLAADFVESKDVCKNYAEAKDVFLGMFLYEYAR
RHPDYSVVLLLRLAKTYETTLEKCCAAADPHECYAKVFDEFKPLVEEPQNLIKQNCELFE
QLGEYKFQNALLVRYTKKVPQVSTPTLVEVSRNLGKVGSKCCKHPEAKRMPCAEDYLSVV
LNQLCVLHEKTPVSDRVTKCCTESLVNRRPCFSALEVDETYVPKEFNAETFTFHADICTL
SEKERQIKKQTALVELVKHKPKATKEQLKAVMDDFAAFVEKCCKADDKETCFAEEGKKLV
AASQAALGL"
Immunoglobulin G (IgG),IGHG1,>sp|P01857|IGHG1_HUMAN Immunoglobulin heavy constant gamma 1 OS=Homo sapiens OX=9606 GN=IGHG1 PE=1 SV=2,P01857,"ASTKGPSVFPLAPSSKSTSGGTAALGCLVKDYFPEPVTVSWNSGALTSGVHTFPAVLQSS
GLYSLSSVVTVPSSSLGTQTYICNVNHKPSNTKVDKKVEPKSCDKTHTCPPCPAPELLGG
PSVFLFPPKPKDTLMISRTPEVTCVVVDVSHEDPEVKFNWYVDGVEVHNAKTKPREEQYN
STYRVVSVLTVLHQDWLNGKEYKCKVSNKALPAPIEKTISKAKGQPREPQVYTLPPSRDE
LTKNQVSLTCLVKGFYPSDIAVEWESNGQPENNYKTTPPVLDSDGSFFLYSKLTVDKSRW
QQGNVFSCSVMHEALHNHYTQKSLSLSPELQLEESCAEAQDGELDGLWTTITIFITLFLL
SVCYSATVTFFKVKWIFSSVVDLKQTIIPDYRNMIGQGA"
Fibrinogen alpha chain,FGA,>sp|P02671|FIBA_HUMAN Fibrinogen alpha chain OS=Homo sapiens OX=9606 GN=FGA PE=1 SV=2,P02671,"MFSMRIVCLVLSVVGTAWTADSGEGDFLAEGGGVRGPRVVERHQSACKDSDWPFCSDEDW
NYKCPSGCRMKGLIDEVNQDFTNRINKLKNSLFEYQKNNKDSHSLTTNIMEILRGDFSSA
NNRDNTYNRVSEDLRSRIEVLKRKVIEKVQHIQLLQKNVRAQLVDMKRLEVDIDIKIRSC
RGSCSRALAREVDLKDYEDQQKQLEQVIAKDLLPSRDRQHLPLIKMKPVPDLVPGNFKSQ
LQKVPPEWKALTDMPQMRMELERPGGNEITRGGSTSYGTGSETESPRNPSSAGSWNSGSS
GPGSTGNRNPGSSGTGGTATWKPGSSGPGSTGSWNSGSSGTGSTGNQNPGSPRPGSTGTW
NPGSSERGSAGHWTSESSVSGSTGQWHSESGSFRPDSPGSGNARPNNPDWGTFEEVSGNV
SPGTRREYHTEKLVTSKGDKELRTGKEKVTSGSTTTTRRSCSKTVTKTVIGPDGHKEVTK
EVVTSEDGSDCPEAMDLGTLSGIGTLDGFRHRHPDEAAFFDTASTGKTFPGFFSPMLGEF
VSETESRGSESGIFTNTKESSSHHPGIAEFPSRGKSSSYSKQFTSSTSYNRGDSTFESKS
YKMADEAGSEADHEGTHSTKRGHAKSRPVRDCDDVLQTHPSGTQSGIFNIKLPGSSKIFS
VYCDQETSLGGWLLIQQRMDGSLNFNRTWQDYKRGFGSLNDEGEGEFWLGNDYLHLLTQR
GSVLRVELEDWAGNEAYAEYHFRVGSEAEGYALQVSSYEGTAGDALIEGSVEEGAEYTSH
NNMQFSTFDRDADQWEENCAEVYGGGWWYNNCQAANLNGIYYPGGSYDPRNNSPYEIENG
VVWVSFRGADYSLRAVRMKIRPLVTQ"
Fibrinogen beta chain,FGB,>sp|P02675|FIBB_HUMAN Fibrinogen beta chain OS=Homo sapiens OX=9606 GN=FGB PE=1 SV=2,P02675,"MKRMVSWSFHKLKTMKHLLLLLLCVFLVKSQGVNDNEEGFFSARGHRPLDKKREEAPSLR
PAPPPISGGGYRARPAKAAATQKKVERKAPDAGGCLHADPDLGVLCPTGCQLQEALLQQE
RPIRNSVDELNNNVEAVSQTSSSSFQYMYLLKDLWQKRQKQVKDNENVVNEYSSELEKHQ
LYIDETVNSNIPTNLRVLRSILENLRSKIQKLESDVSAQMEYCRTPCTVSCNIPVVSGKE
CEEIIRKGGETSEMYLIQPDSSVKPYRVYCDMNTENGGWTVIQNRQDGSVDFGRKWDPYK
QGFGNVATNTDGKNYCGLPGEYWLGNDKISQLTRMGPTELLIEMEDWKGDKVKAHYGGFT
VQNEANKYQISVNKYRGTAGNALMDGASQLMGENRTMTIHNGMFFSTYDRDNDGWLTSDP
RKQCSKEDGGGWWYNRCHAANPNGRYYWGGQYTWDMAKHGTDDGVVWMNWKGSWYSMRKM
SMKIRPFFPQQ"
Fibrinogen gamma chain,FGG,>sp|P02679|FIBG_HUMAN Fibrinogen gamma chain OS=Homo sapiens OX=9606 GN=FGG PE=1 SV=3,P02679,"MSWSLHPRNLILYFYALLFLSSTCVAYVATRDNCCILDERFGSYCPTTCGIADFLSTYQT
KVDKDLQSLEDILHQVENKTSEVKQLIKAIQLTYNPDESSKPNMIDAATLKSRKMLEEIM
KYEASILTHDSSIRYLQEIYNSNNQKIVNLKEKVAQLEAQCQEPCKDTVQIHDITGKDCQ
DIANKGAKQSGLYFIKPLKANQQFLVYCEIDGSGNGWTVFQKRLDGSVDFKKNWIQYKEG
FGHLSPTGTTEFWLGNEKIHLISTQSAIPYALRVELEDWNGRTSTADYAMFKVGPEADKY
RLTYAYFAGGDAGDAFDGFDFGDDPSDKFFTSHNGMQFSTWDNDNDKFEGNCAEQDGSGW
WMNKCHAGHLNGVYYQGGTYSKASTPNGYDNGIIWATWKTRWYSMKKTTMKIIPFNRLTI
GEGQQHHLGGAKQVRPEHPAETEYDSLYPEDDL"
Transferrin,TF,>sp|P02787|TRFE_HUMAN Serotransferrin OS=Homo sapiens OX=9606 GN=TF PE=1 SV=5,P02787,"MRLAVGALLVCAVLGLCLAVPDKTVRWCAVSEHEATKCQSFRDHMKSVIPSDGPSVACVK
KASYLDCIRAIAANEADAVTLDAGLVYDAYLAPNNLKPVVAEFYGSKEDPQTFYYAVAVV
KKDSGFQMNQLRGKKSCHTGLGRSAGWNIPIGLLYCDLPEPRKPLEKAVANFFSGSCAPC
ADGTDFPQLCQLCPGCGCSTLNQYFGYSGAFKCLKDGAGDVAFVKHSTIFENLANKADRD
QYELLCLDNTRKPVDEYKDCHLAQVPSHTVVARSMGGKEDLIWELLNQAQEHFGKDKSKE
FQLFSSPHGKDLLFKDSAHGFLKVPPRMDAKMYLGYEYVTAIRNLREGTCPEAPTDECKP
VKWCALSHHERLKCDEWSVNSVGKIECVSAETTEDCIAKIMNGEADAMSLDGGFVYIAGK
CGLVPVLAENYNKSDNCEDTPEAGYFAIAVVKKSASDLTWDNLKGKKSCHTAVGRTAGWN
IPMGLLYNKINHCRFDEFFSEGCAPGSKKDSSLCKLCMGSGLNLCEPNNKEGYYGYTGAF
RCLVEKGDVAFVKHQTVPQNTGGKNPDPWAKNLNEKDYELLCLDGTRKPVEEYANCHLAR
APNHAVVTRKDKEACVHKILRQQQHLFGSNVTDCSGNFCLFRSETKDLLFRDDTVCLAKL
HDRNTYEKYLGEEYVKAVGNLRKCSTSSLLEACTFRRP"
Complement C3,C3,>sp|P01024|CO3_HUMAN Complement C3 OS=Homo sapiens OX=9606 GN=C3 PE=1 SV=2,P01024,"MGPTSGPSLLLLLLTHLPLALGSPMYSIITPNILRLESEETMVLEAHDAQGDVPVTVTVH
DFPGKKLVLSSEKTVLTPATNHMGNVTFTIPANREFKSEKGRNKFVTVQATFGTQVVEKV
VLVSLQSGYLFIQTDKTIYTPGSTVLYRIFTVNHKLLPVGRTVMVNIENPEGIPVKQDSL
SSQNQLGVLPLSWDIPELVNMGQWKIRAYYENSPQQVFSTEFEVKEYVLPSFEVIVEPTE
KFYYIYNEKGLEVTITARFLYGKKVEGTAFVIFGIQDGEQRISLPESLKRIPIEDGSGEV
VLSRKVLLDGVQNPRAEDLVGKSLYVSATVILHSGSDMVQAERSGIPIVTSPYQIHFTKT
PKYFKPGMPFDLMVFVTNPDGSPAYRVPVAVQGEDTVQSLTQGDGVAKLSINTHPSQKPL
SITVRTKKQELSEAEQATRTMQALPYSTVGNSNNYLHLSVLRTELRPGETLNVNFLLRMD
RAHEAKIRYYTYLIMNKGRLLKAGRQVREPGQDLVVLPLSITTDFIPSFRLVAYYTLIGA
SGQREVVADSVWVDVKDSCVGSLVVKSGQSEDRQPVPGQQMTLKIEGDHGARVVLVAVDK
GVFVLNKKNKLTQSKIWDVVEKADIGCTPGSGKDYAGVFSDAGLTFTSSSGQQTAQRAEL
QCPQPAARRRRSVQLTEKRMDKVGKYPKELRKCCEDGMRENPMRFSCQRRTRFISLGEAC
KKVFLDCCNYITELRRQHARASHLGLARSNLDEDIIAEENIVSRSEFPESWLWNVEDLKE
PPKNGISTKLMNIFLKDSITTWEILAVSMSDKKGICVADPFEVTVMQDFFIDLRLPYSVV
RNEQVEIRAVLYNYRQNQELKVRVELLHNPAFCSLATTKRRHQQTVTIPPKSSLSVPYVI
VPLKTGLQEVEVKAAVYHHFISDGVRKSLKVVPEGIRMNKTVAVRTLDPERLGREGVQKE
DIPPADLSDQVPDTESETRILLQGTPVAQMTEDAVDAERLKHLIVTPSGCGEQNMIGMTP
TVIAVHYLDETEQWEKFGLEKRQGALELIKKGYTQQLAFRQPSSAFAAFVKRAPSTWLTA
YVVKVFSLAVNLIAIDSQVLCGAVKWLILEKQKPDGVFQEDAPVIHQEMIGGLRNNNEKD
MALTAFVLISLQEAKDICEEQVNSLPGSITKAGDFLEANYMNLQRSYTVAIAGYALAQMG
RLKGPLLNKFLTTAKDKNRWEDPGKQLYNVEATSYALLALLQLKDFDFVPPVVRWLNEQR
YYGGGYGSTQATFMVFQALAQYQKDAPDHQELNLDVSLQLPSRSSKITHRIHWESASLLR
SEETKENEGFTVTAEGKGQGTLSVVTMYHAKAKDQLTCNKFDLKVTIKPAPETEKRPQDA
KNTMILEICTRYRGDQDATMSILDISMMTGFAPDTDDLKQLANGVDRYISKYELDKAFSD
RNTLIIYLDKVSHSEDDCLAFKVHQYFNVELIQPGAVKVYAYYNLEESCTRFYHPEKEDG
KLNKLCRDELCRCAEENCFIQKSDDKVTLEERLDKACEPGVDYVYKTRLVKVQLSNDFDE
YIMAIEQTIKSGSDEVQVGQQRTFISPIKCREALKLEEKKHYLMWGLSSDFWGEKPNLSY
IIGKDTWVEHWPEEDECQDEENQKQCQDLGAFTESMVVFGCPN"
Complement C4-A,C4A,>sp|P0C0L4|CO4A_HUMAN Complement C4-A OS=Homo sapiens OX=9606 GN=C4A PE=1 SV=2,P0C0L4,"MRLLWGLIWASSFFTLSLQKPRLLLFSPSVVHLGVPLSVGVQLQDVPRGQVVKGSVFLRN
PSRNNVPCSPKVDFTLSSERDFALLSLQVPLKDAKSCGLHQLLRGPEVQLVAHSPWLKDS
LSRTTNIQGINLLFSSRRGHLFLQTDQPIYNPGQRVRYRVFALDQKMRPSTDTITVMVEN
SHGLRVRKKEVYMPSSIFQDDFVIPDISEPGTWKISARFSDGLESNSSTQFEVKKYVLPN
FEVKITPGKPYILTVPGHLDEMQLDIQARYIYGKPVQGVAYVRFGLLDEDGKKTFFRGLE
SQTKLVNGQSHISLSKAEFQDALEKLNMGITDLQGLRLYVAAAIIESPGGEMEEAELTSW
YFVSSPFSLDLSKTKRHLVPGAPFLLQALVREMSGSPASGIPVKVSATVSSPGSVPEVQD
IQQNTDGSGQVSIPIIIPQTISELQLSVSAGSPHPAIARLTVAAPPSGGPGFLSIERPDS
RPPRVGDTLNLNLRAVGSGATFSHYYYMILSRGQIVFMNREPKRTLTSVSVFVDHHLAPS
FYFVAFYYHGDHPVANSLRVDVQAGACEGKLELSVDGAKQYRNGESVKLHLETDSLALVA
LGALDTALYAAGSKSHKPLNMGKVFEAMNSYDLGCGPGGGDSALQVFQAAGLAFSDGDQW
TLSRKRLSCPKEKTTRKKRNVNFQKAINEKLGQYASPTAKRCCQDGVTRLPMMRSCEQRA
ARVQQPDCREPFLSCCQFAESLRKKSRDKGQAGLQRALEILQEEDLIDEDDIPVRSFFPE
NWLWRVETVDRFQILTLWLPDSLTTWEIHGLSLSKTKGLCVATPVQLRVFREFHLHLRLP
MSVRRFEQLELRPVLYNYLDKNLTVSVHVSPVEGLCLAGGGGLAQQVLVPAGSARPVAFS
VVPTAAAAVSLKVVARGSFEFPVGDAVSKVLQIEKEGAIHREELVYELNPLDHRGRTLEI
PGNSDPNMIPDGDFNSYVRVTASDPLDTLGSEGALSPGGVASLLRLPRGCGEQTMIYLAP
TLAASRYLDKTEQWSTLPPETKDHAVDLIQKGYMRIQQFRKADGSYAAWLSRDSSTWLTA
FVLKVLSLAQEQVGGSPEKLQETSNWLLSQQQADGSFQDPCPVLDRSMQGGLVGNDETVA
LTAFVTIALHHGLAVFQDEGAEPLKQRVEASISKANSFLGEKASAGLLGAHAAAITAYAL
TLTKAPVDLLGVAHNNLMAMAQETGDNLYWGSVTGSQSNAVSPTPAPRNPSDPMPQAPAL
WIETTAYALLHLLLHEGKAEMADQASAWLTRQGSFQGGFRSTQDTVIALDALSAYWIASH
TTEERGLNVTLSSTGRNGFKSHALQLNNRQIRGLEEELQFSLGSKINVKVGGNSKGTLKV
LRTYNVLDMKNTTCQDLQIEVTVKGHVEYTMEANEDYEDYEYDELPAKDDPDAPLQPVTP
LQLFEGRRNRRRREAPKVVEEQESRVHYTVCIWRNGKVGLSGMAIADVTLLSGFHALRAD
LEKLTSLSDRYVSHFETEGPHVLLYFDSVPTSRECVGFEAVQEVPVGLVQPASATLYDYY
NPERRCSVFYGAPSKSRLLATLCSAEVCQCAEGKCPRQRRALERGLQDEDGYRMKFACYY
PRVEYGFQVKVLREDSRAAFRLFETKITQVLHFTKDVKAAANQMRNFLVRASCRLRLEPG
KEYLIMGLDGATYDLEGHPQYLLDSNSWIEEMPSERLCRSTRQRAACAQLNDFLQEYGTQ
GCQV"
Complement C4-B,C4B,>sp|P0C0L5|CO4B_HUMAN Complement C4-B OS=Homo sapiens OX=9606 GN=C4B PE=1 SV=2,P0C0L5,"MRLLWGLIWASSFFTLSLQKPRLLLFSPSVVHLGVPLSVGVQLQDVPRGQVVKGSVFLRN
PSRNNVPCSPKVDFTLSSERDFALLSLQVPLKDAKSCGLHQLLRGPEVQLVAHSPWLKDS
LSRTTNIQGINLLFSSRRGHLFLQTDQPIYNPGQRVRYRVFALDQKMRPSTDTITVMVEN
SHGLRVRKKEVYMPSSIFQDDFVIPDISEPGTWKISARFSDGLESNSSTQFEVKKYVLPN
FEVKITPGKPYILTVPGHLDEMQLDIQARYIYGKPVQGVAYVRFGLLDEDGKKTFFRGLE
SQTKLVNGQSHISLSKAEFQDALEKLNMGITDLQGLRLYVAAAIIESPGGEMEEAELTSW
YFVSSPFSLDLSKTKRHLVPGAPFLLQALVREMSGSPASGIPVKVSATVSSPGSVPEVQD
IQQNTDGSGQVSIPIIIPQTISELQLSVSAGSPHPAIARLTVAAPPSGGPGFLSIERPDS
RPPRVGDTLNLNLRAVGSGATFSHYYYMILSRGQIVFMNREPKRTLTSVSVFVDHHLAPS
FYFVAFYYHGDHPVANSLRVDVQAGACEGKLELSVDGAKQYRNGESVKLHLETDSLALVA
LGALDTALYAAGSKSHKPLNMGKVFEAMNSYDLGCGPGGGDSALQVFQAAGLAFSDGDQW
TLSRKRLSCPKEKTTRKKRNVNFQKAINEKLGQYASPTAKRCCQDGVTRLPMMRSCEQRA
ARVQQPDCREPFLSCCQFAESLRKKSRDKGQAGLQRALEILQEEDLIDEDDIPVRSFFPE
NWLWRVETVDRFQILTLWLPDSLTTWEIHGLSLSKTKGLCVATPVQLRVFREFHLHLRLP
MSVRRFEQLELRPVLYNYLDKNLTVSVHVSPVEGLCLAGGGGLAQQVLVPAGSARPVAFS
VVPTAATAVSLKVVARGSFEFPVGDAVSKVLQIEKEGAIHREELVYELNPLDHRGRTLEI
PGNSDPNMIPDGDFNSYVRVTASDPLDTLGSEGALSPGGVASLLRLPRGCGEQTMIYLAP
TLAASRYLDKTEQWSTLPPETKDHAVDLIQKGYMRIQQFRKADGSYAAWLSRGSSTWLTA
FVLKVLSLAQEQVGGSPEKLQETSNWLLSQQQADGSFQDLSPVIHRSMQGGLVGNDETVA
LTAFVTIALHHGLAVFQDEGAEPLKQRVEASISKASSFLGEKASAGLLGAHAAAITAYAL
TLTKAPADLRGVAHNNLMAMAQETGDNLYWGSVTGSQSNAVSPTPAPRNPSDPMPQAPAL
WIETTAYALLHLLLHEGKAEMADQAAAWLTRQGSFQGGFRSTQDTVIALDALSAYWIASH
TTEERGLNVTLSSTGRNGFKSHALQLNNRQIRGLEEELQFSLGSKINVKVGGNSKGTLKV
LRTYNVLDMKNTTCQDLQIEVTVKGHVEYTMEANEDYEDYEYDELPAKDDPDAPLQPVTP
LQLFEGRRNRRRREAPKVVEEQESRVHYTVCIWRNGKVGLSGMAIADVTLLSGFHALRAD
LEKLTSLSDRYVSHFETEGPHVLLYFDSVPTSRECVGFEAVQEVPVGLVQPASATLYDYY
NPERRCSVFYGAPSKSRLLATLCSAEVCQCAEGKCPRQRRALERGLQDEDGYRMKFACYY
PRVEYGFQVKVLREDSRAAFRLFETKITQVLHFTKDVKAAANQMRNFLVRASCRLRLEPG
KEYLIMGLDGATYDLEGHPQYLLDSNSWIEEMPSERLCRSTRQRAACAQLNDFLQEYGTQ
GCQV"
Haptoglobin,HP,>sp|P00738|HPT_HUMAN Haptoglobin OS=Homo sapiens OX=9606 GN=HP PE=1 SV=1,P00738,"MSALGAVIALLLWGQLFAVDSGNDVTDIADDGCPKPPEIAHGYVEHSVRYQCKNYYKLRT
EGDGVYTLNDKKQWINKAVGDKLPECEADDGCPKPPEIAHGYVEHSVRYQCKNYYKLRTE
GDGVYTLNNEKQWINKAVGDKLPECEAVCGKPKNPANPVQRILGGHLDAKGSFPWQAKMV
SHHNLTTGATLINEQWLLTTAKNLFLNHSENATAKDIAPTLTLYVGKKQLVEIEKVVLHP
NYSQVDIGLIKLKQKVSVNERVMPICLPSKDYAEVGRVGYVSGWGRNANFKFTDHLKYVM
LPVADQDQCIRHYEGSTVPEKKTPKSPVGVQPILNEHTFCAGMSKYQEDTCYGDAGSAFA
VHDLEEDTWYATGILSFDKSCAVAEYGVYVKVTSIQDWVQKTIAEN"
Alpha-1-antitrypsin,SERPINA1,>sp|P01009|A1AT_HUMAN Alpha-1-antitrypsin OS=Homo sapiens OX=9606 GN=SERPINA1 PE=1 SV=3,P01009,"MPSSVSWGILLLAGLCCLVPVSLAEDPQGDAAQKTDTSHHDQDHPTFNKITPNLAEFAFS
LYRQLAHQSNSTNIFFSPVSIATAFAMLSLGTKADTHDEILEGLNFNLTEIPEAQIHEGF
QELLRTLNQPDSQLQLTTGNGLFLSEGLKLVDKFLEDVKKLYHSEAFTVNFGDTEEAKKQ
INDYVEKGTQGKIVDLVKELDRDTVFALVNYIFFKGKWERPFEVKDTEEEDFHVDQVTTV
KVPMMKRLGMFNIQHCKKLSSWVLLMKYLGNATAIFFLPDEGKLQHLENELTHDIITKFL
ENEDRRSASLHLPKLSITGTYDLKSVLGQLGITKVFSNGADLSGVTEEAPLKLSKAVHKA
VLTIDEKGTEAAGAMFLEAIPMSIPPEVKFNKPFVFLMIEQNTKSPLFMGKVVNPTQK"
C-reactive protein (CRP),CRP,>sp|P02741|CRP_HUMAN C-reactive protein OS=Homo sapiens OX=9606 GN=CRP PE=1 SV=1,P02741,"MEKLLCFLVLTSLSHAFGQTDMSRKAFVFPKESDTSYVSLKAPLTKPLKAFTVCLHFYTE
LSSTRGYSIFSYATKRQDNEILIFWSKDIGYSFTVGGSEILFEVPEVTVAPVHICTSWES
ASGIVEFWVDGKPRVRKSLKKGYTVGAEASIILGQEQDSFGGNFEGSQSLVGDIGNVNMW
DFVLSPDEINTIYLGGPFSPNVLNWRALKYEVQGEVFTKPQLWP"
Ceruloplasmin,CP,>sp|P00450|CERU_HUMAN Ceruloplasmin OS=Homo sapiens OX=9606 GN=CP PE=1 SV=2,P00450,"MKILILGIFLFLCSTPAWAKEKHYYIGIIETTWDYASDHGEKKLISVDTEHSNIYLQNGP
DRIGRLYKKALYLQYTDETFRTTIEKPVWLGFLGPIIKAETGDKVYVHLKNLASRPYTFH
SHGITYYKEHEGAIYPDNTTDFQRADDKVYPGEQYTYMLLATEEQSPGEGDGNCVTRIYH
SHIDAPKDIASGLIGPLIICKKDSLDKEKEKHIDREFVVMFSVVDENFSWYLEDNIKTYC
SEPEKVDKDNEDFQESNRMYSVNGYTFGSLPGLSMCAEDRVKWYLFGMGNEVDVHAAFFH
GQALTNKNYRIDTINLFPATLFDAYMVAQNPGEWMLSCQNLNHLKAGLQAFFQVQECNKS
SSKDNIRGKHVRHYYIAAEEIIWNYAPSGIDIFTKENLTAPGSDSAVFFEQGTTRIGGSY
KKLVYREYTDASFTNRKERGPEEEHLGILGPVIWAEVGDTIRVTFHNKGAYPLSIEPIGV
RFNKNNEGTYYSPNYNPQSRSVPPSASHVAPTETFTYEWTVPKEVGPTNADPVCLAKMYY
SAVEPTKDIFTGLIGPMKICKKGSLHANGRQKDVDKEFYLFPTVFDENESLLLEDNIRMF
TTAPDQVDKEDEDFQESNKMHSMNGFMYGNQPGLTMCKGDSVVWYLFSAGNEADVHGIYF
SGNTYLWRGERRDTANLFPQTSLTLHMWPDTEGTFNVECLTTDHYTGGMKQKYTVNQCRR
QSEDSTFYLGERTYYIAAVEVEWDYSPQREWEKELHHLQEQNVSNAFLDKGEFYIGSKYK
KVVYRQYTDSTFRVPVERKAEEEHLGILGPQLHADVGDKVKIIFKNMATRPYSIHAHGVQ
TESSTVTPTLPGETLTYVWKIPERSGAGTEDSACIPWAYYSTVDQVKDLYSGLIGPLIVC
RRPYLKVFNPRRKLEFALLFLVFDENESWYLDDNIKTYSDHPEKVNKDDEEFIESNKMHA
INGRMFGNLQGLTMHVGDEVNWYLMGMGNEIDLHTVHFHGHSFQYKHRGVYSSDVFDIFP
GTYQTLEMFPRTPGIWLLHCHVTDHIHAGMETTYTVLQNEDTKSG"
Apolipoprotein A-I,APOA1,>sp|P02647|APOA1_HUMAN Apolipoprotein A-I OS=Homo sapiens OX=9606 GN=APOA1 PE=1 SV=1,P02647,"MKAAVLTLAVLFLTGSQARHFWQQDEPPQSPWDRVKDLATVYVDVLKDSGRDYVSQFEGS
ALGKQLNLKLLDNWDSVTSTFSKLREQLGPVTQEFWDNLEKETEGLRQEMSKDLEEVKAK
VQPYLDDFQKKWQEEMELYRQKVEPLRAELQEGARQKLHELQEKLSPLGEEMRDRARAHV
DALRTHLAPYSDELRQRLAARLEALKENGGARLAEYHAKATEHLSTLSEKAKPALEDLRQ
GLLPVLESFKVSFLSALEEYTKKLNTQ"
Apolipoprotein B-100,APOB,>sp|P04114|APOB_HUMAN Apolipoprotein B-100 OS=Homo sapiens OX=9606 GN=APOB PE=1 SV=3,P04114,"MDPPRPALLALLALPALLLLLLAGARAEEEMLENVSLVCPKDATRFKHLRKYTYNYEAES
SSGVPGTADSRSATRINCKVELEVPQLCSFILKTSQCTLKEVYGFNPEGKALLKKTKNSE
EFAAAMSRYELKLAIPEGKQVFLYPEKDEPTYILNIKRGIISALLVPPETEEAKQVLFLD
TVYGNCSTHFTVKTRKGNVATEISTERDLGQCDRFKPIRTGISPLALIKGMTRPLSTLIS
SSQSCQYTLDAKRKHVAEAICKEQHLFLPFSYKNKYGMVAQVTQTLKLEDTPKINSRFFG
EGTKKMGLAFESTKSTSPPKQAEAVLKTLQELKKLTISEQNIQRANLFNKLVTELRGLSD
EAVTSLLPQLIEVSSPITLQALVQCGQPQCSTHILQWLKRVHANPLLIDVVTYLVALIPE
PSAQQLREIFNMARDQRSRATLYALSHAVNNYHKTNPTGTQELLDIANYLMEQIQDDCTG
DEDYTYLILRVIGNMGQTMEQLTPELKSSILKCVQSTKPSLMIQKAAIQALRKMEPKDKD
QEVLLQTFLDDASPGDKRLAAYLMLMRSPSQADINKIVQILPWEQNEQVKNFVASHIANI
LNSEELDIQDLKKLVKEALKESQLPTVMDFRKFSRNYQLYKSVSLPSLDPASAKIEGNLI
FDPNNYLPKESMLKTTLTAFGFASADLIEIGLEGKGFEPTLEALFGKQGFFPDSVNKALY
WVNGQVPDGVSKVLVDHFGYTKDDKHEQDMVNGIMLSVEKLIKDLKSKEVPEARAYLRIL
GEELGFASLHDLQLLGKLLLMGARTLQGIPQMIGEVIRKGSKNDFFLHYIFMENAFELPT
GAGLQLQISSSGVIAPGAKAGVKLEVANMQAELVAKPSVSVEFVTNMGIIIPDFARSGVQ
MNTNFFHESGLEAHVALKAGKLKFIIPSPKRPVKLLSGGNTLHLVSTTKTEVIPPLIENR
QSWSVCKQVFPGLNYCTSGAYSNASSTDSASYYPLTGDTRLELELRPTGEIEQYSVSATY
ELQREDRALVDTLKFVTQAEGAKQTEATMTFKYNRQSMTLSSEVQIPDFDVDLGTILRVN
DESTEGKTSYRLTLDIQNKKITEVALMGHLSCDTKEERKIKGVISIPRLQAEARSEILAH
WSPAKLLLQMDSSATAYGSTVSKRVAWHYDEEKIEFEWNTGTNVDTKKMTSNFPVDLSDY
PKSLHMYANRLLDHRVPQTDMTFRHVGSKLIVAMSSWLQKASGSLPYTQTLQDHLNSLKE
FNLQNMGLPDFHIPENLFLKSDGRVKYTLNKNSLKIEIPLPFGGKSSRDLKMLETVRTPA
LHFKSVGFHLPSREFQVPTFTIPKLYQLQVPLLGVLDLSTNVYSNLYNWSASYSGGNTST
DHFSLRARYHMKADSVVDLLSYNVQGSGETTYDHKNTFTLSCDGSLRHKFLDSNIKFSHV
EKLGNNPVSKGLLIFDASSSWGPQMSASVHLDSKKKQHLFVKEVKIDGQFRVSSFYAKGT
YGLSCQRDPNTGRLNGESNLRFNSSYLQGTNQITGRYEDGTLSLTSTSDLQSGIIKNTAS
LKYENYELTLKSDTNGKYKNFATSNKMDMTFSKQNALLRSEYQADYESLRFFSLLSGSLN
SHGLELNADILGTDKINSGAHKATLRIGQDGISTSATTNLKCSLLVLENELNAELGLSGA
SMKLTTNGRFREHNAKFSLDGKAALTELSLGSAYQAMILGVDSKNIFNFKVSQEGLKLSN
DMMGSYAEMKFDHTNSLNIAGLSLDFSSKLDNIYSSDKFYKQTVNLQLQPYSLVTTLNSD
LKYNALDLTNNGKLRLEPLKLHVAGNLKGAYQNNEIKHIYAISSAALSASYKADTVAKVQ
GVEFSHRLNTDIAGLASAIDMSTNYNSDSLHFSNVFRSVMAPFTMTIDAHTNGNGKLALW
GEHTGQLYSKFLLKAEPLAFTFSHDYKGSTSHHLVSRKSISAALEHKVSALLTPAEQTGT
WKLKTQFNNNEYSQDLDAYNTKDKIGVELTGRTLADLTLLDSPIKVPLLLSEPINIIDAL
EMRDAVEKPQEFTIVAFVKYDKNQDVHSINLPFFETLQEYFERNRQTIIVVLENVQRNLK
HINIDQFVRKYRAALGKLPQQANDYLNSFNWERQVSHAKEKLTALTKKYRITENDIQIAL
DDAKINFNEKLSQLQTYMIQFDQYIKDSYDLHDLKIAIANIIDEIIEKLKSLDEHYHIRV
NLVKTIHDLHLFIENIDFNKSGSSTASWIQNVDTKYQIRIQIQEKLQQLKRHIQNIDIQH
LAGKLKQHIEAIDVRVLLDQLGTTISFERINDILEHVKHFVINLIGDFEVAEKINAFRAK
VHELIERYEVDQQIQVLMDKLVELAHQYKLKETIQKLSNVLQQVKIKDYFEKLVGFIDDA
VKKLNELSFKTFIEDVNKFLDMLIKKLKSFDYHQFVDETNDKIREVTQRLNGEIQALELP
QKAEALKLFLEETKATVAVYLESLQDTKITLIINWLQEALSSASLAHMKAKFRETLEDTR
DRMYQMDIQQELQRYLSLVGQVYSTLVTYISDWWTLAAKNLTDFAEQYSIQDWAKRMKAL
VEQGFTVPEIKTILGTMPAFEVSLQALQKATFQTPDFIVPLTDLRIPSVQINFKDLKNIK
IPSRFSTPEFTILNTFHIPSFTIDFVEMKVKIIRTIDQMLNSELQWPVPDIYLRDLKVED
IPLARITLPDFRLPEIAIPEFIIPTLNLNDFQVPDLHIPEFQLPHISHTIEVPTFGKLYS
ILKIQSPLFTLDANADIGNGTTSANEAGIAASITAKGESKLEVLNFDFQANAQLSNPKIN
PLALKESVKFSSKYLRTEHGSEMLFFGNAIEGKSNTVASLHTEKNTLELSNGVIVKINNQ
LTLDSNTKYFHKLNIPKLDFSSQADLRNEIKTLLKAGHIAWTSSGKGSWKWACPRFSDEG
THESQISFTIEGPLTSFGLSNKINSKHLRVNQNLVYESGSLNFSKLEIQSQVDSQHVGHS
VLTAKGMALFGEGKAEFTGRHDAHLNGKVIGTLKNSLFFSAQPFEITASTNNEGNLKVRF
PLRLTGKIDFLNNYALFLSPSAQQASWQVSARFNQYKYNQNFSAGNNENIMEAHVGINGE
ANLDFLNIPLTIPEMRLPYTIITTPPLKDFSLWEKTGLKEFLKTTKQSFDLSVKAQYKKN
KHRHSITNPLAVLCEFISQSIKSFDRHFEKNRNNALDFVTKSYNETKIKFDKYKAEKSHD
ELPRTFQIPGYTVPVVNVEVSPFTIEMSAFGYVFPKAVSMPSFSILGSDVRVPSYTLILP
SLELPVLHVPRNLKLSLPDFKELCTISHIFIPAMGNITYDFSFKSSVITLNTNAELFNQS
DIVAHLLSSSSSVIDALQYKLEGTTRLTRKRGLKLATALSLSNKFVEGSHNSTVSLTTKN
MEVSVATTTKAQIPILRMNFKQELNGNTKSKPTVSSSMEFKYDFNSSMLYSTAKGAVDHK
LSLESLTSYFSIESSTKGDVKGSVLSREYSGTIASEANTYLNSKSTRSSVKLQGTSKIDD
IWNLEVKENFAGEATLQRIYSLWEHSTKNHLQLEGLFFTNGEHTSKATLELSPWQMSALV
QVHASQPSSFHDFPDLGQEVALNANTKNQKIRWKNEVRIHSGSFQSQVELSNDQEKAHLD
IAGSLEGHLRFLKNIILPVYDKSLWDFLKLDVTTSIGRRQHLRVSTAFVYTKNPNGYSFS
IPVKVLADKFIIPGLKLNDLNSVLVMPTFHVPFTDLQVPSCKLDFREIQIYKKLRTSSFA
LNLPTLPEVKFPEVDVLTKYSQPEDSLIPFFEITVPESQLTVSQFTLPKSVSDGIAALDL
NAVANKIADFELPTIIVPEQTIEIPSIKFSVPAGIVIPSFQALTARFEVDSPVYNATWSA
SLKNKADYVETVLDSTCSSTVQFLEYELNVLGTHKIEDGTLASKTKGTFAHRDFSAEYEE
DGKYEGLQEWEGKAHLNIKSPAFTDLHLRYQKDKKGISTSAASPAVGTVGMDMDEDDDFS
KWNFYYSPQSSPDKKLTIFKTELRVRESDEETQIKVNWEEEAASGLLTSLKDNVPKATGV
LYDYVNKYHWEHTGLTLREVSSKLRRNLQNNAEWVYQGAIRQIDDIDVRFQKAASGTTGT
YQEWKDKAQNLYQELLTQEGQASFQGLKDNVFDGLVRVTQEFHMKVKHLIDSLIDFLNFP
RFQFPGKPGIYTREELCTMFIREVGTVLSQVYSKVHNGSEILFSYFQDLVITLPFELRKH
KLIDVISMYRELLKDLSKEAQEVFKAIQSLKTTEVLRNLQDLLQFIFQLIEDNIKQLKEM
KFTYLINYIQDEINTIFSDYIPYVFKLLKENLCLNLHKFNEFIQNELQEASQELQQIHQY
IMALREEYFDPSIVGWTVKYYELEEKIVSLIKNLLVALKDFHSEYIVSASNFTSQLSSQV
EQFLHRNIQEYLSILTDPDGKGKEKIAELSATAQEIIKSQAIATKKIISDYHQQFRYKLQ
DFSDQLSDYYEKFIAESKRLIDLSIQNYHTFLIYITELLKKLQSTTVMNPYMKLAPGELT
IIL"
Transthyretin,TTR,>sp|P02766|TTHY_HUMAN Transthyretin OS=Homo sapiens OX=9606 GN=TTR PE=1 SV=1,P02766,"MASHRLLLLCLAGLVFVSEAGPTGTGESKCPLMVKVLDAVRGSPAINVAVHVFRKAADDT
WEPFASGKTSESGELHGLTTEEEFVEGIYKVEIDTKSYWKALGISPFHEHAEVVFTANDS
GPRRYTIAALLSPYSYSTTAVVTNPKE"
Plasminogen,PLG,>sp|P00747|PLMN_HUMAN Plasminogen OS=Homo sapiens OX=9606 GN=PLG PE=1 SV=2,P00747,"MEHKEVVLLLLLFLKSGQGEPLDDYVNTQGASLFSVTKKQLGAGSIEECAAKCEEDEEFT
CRAFQYHSKEQQCVIMAENRKSSIIIRMRDVVLFEKKVYLSECKTGNGKNYRGTMSKTKN
GITCQKWSSTSPHRPRFSPATHPSEGLEENYCRNPDNDPQGPWCYTTDPEKRYDYCDILE
CEEECMHCSGENYDGKISKTMSGLECQAWDSQSPHAHGYIPSKFPNKNLKKNYCRNPDRE
LRPWCFTTDPNKRWELCDIPRCTTPPPSSGPTYQCLKGTGENYRGNVAVTVSGHTCQHWS
AQTPHTHNRTPENFPCKNLDENYCRNPDGKRAPWCHTTNSQVRWEYCKIPSCDSSPVSTE
QLAPTAPPELTPVVQDCYHGDGQSYRGTSSTTTTGKKCQSWSSMTPHRHQKTPENYPNAG
LTMNYCRNPDADKGPWCFTTDPSVRWEYCNLKKCSGTEASVVAPPPVVLLPDVETPSEED
CMFGNGKGYRGKRATTVTGTPCQDWAAQEPHRHSIFTPETNPRAGLEKNYCRNPDGDVGG
PWCYTTNPRKLYDYCDVPQCAAPSFDCGKPQVEPKKCPGRVVGGCVAHPHSWPWQVSLRT
RFGMHFCGGTLISPEWVLTAAHCLEKSPRPSSYKVILGAHQEVNLEPHVQEIEVSRLFLE
PTRKDIALLKLSSPAVITDKVIPACLPSPNYVVADRTECFITGWGETQGTFGAGLLKEAQ
LPVIENKVCNRYEFLNGRVQSTELCAGHLAGGTDSCQGDSGGPLVCFEKDKYILQGVTSW
GLGCARPNKPGVYVRVSRFVTWIEGVMRNN"
Alpha-2-macroglobulin,A2M,>sp|P01023|A2MG_HUMAN Alpha-2-macroglobulin OS=Homo sapiens OX=9606 GN=A2M PE=1 SV=3,P01023,"MGKNKLLHPSLVLLLLVLLPTDASVSGKPQYMVLVPSLLHTETTEKGCVLLSYLNETVTV
SASLESVRGNRSLFTDLEAENDVLHCVAFAVPKSSSNEEVMFLTVQVKGPTQEFKKRTTV
MVKNEDSLVFVQTDKSIYKPGQTVKFRVVSMDENFHPLNELIPLVYIQDPKGNRIAQWQS
FQLEGGLKQFSFPLSSEPFQGSYKVVVQKKSGGRTEHPFTVEEFVLPKFEVQVTVPKIIT
ILEEEMNVSVCGLYTYGKPVPGHVTVSICRKYSDASDCHGEDSQAFCEKFSGQLNSHGCF
YQQVKTKVFQLKRKEYEMKLHTEAQIQEEGTVVELTGRQSSEITRTITKLSFVKVDSHFR
QGIPFFGQVRLVDGKGVPIPNKVIFIRGNEANYYSNATTDEHGLVQFSINTTNVMGTSLT
VRVNYKDRSPCYGYQWVSEEHEEAHHTAYLVFSPSKSFVHLEPMSHELPCGHTQTVQAHY
ILNGGTLLGLKKLSFYYLIMAKGGIVRTGTHGLLVKQEDMKGHFSISIPVKSDIAPVARL
LIYAVLPTGDVIGDSAKYDVENCLANKVDLSFSPSQSLPASHAHLRVTAAPQSVCALRAV
DQSVLLMKPDAELSASSVYNLLPEKDLTGFPGPLNDQDNEDCINRHNVYINGITYTPVSS
TNEKDMYSFLEDMGLKAFTNSKIRKPKMCPQLQQYEMHGPEGLRVGFYESDVMGRGHARL
VHVEEPHTETVRKYFPETWIWDLVVVNSAGVAEVGVTVPDTITEWKAGAFCLSEDAGLGI
SSTASLRAFQPFFVELTMPYSVIRGEAFTLKATVLNYLPKCIRVSVQLEASPAFLAVPVE
KEQAPHCICANGRQTVSWAVTPKSLGNVNFTVSAEALESQELCGTEVPSVPEHGRKDTVI
KPLLVEPEGLEKETTFNSLLCPSGGEVSEELSLKLPPNVVEESARASVSVLGDILGSAMQ
NTQNLLQMPYGCGEQNMVLFAPNIYVLDYLNETQQLTPEIKSKAIGYLNTGYQRQLNYKH
YDGSYSTFGERYGRNQGNTWLTAFVLKTFAQARAYIFIDEAHITQALIWLSQRQKDNGCF
RSSGSLLNNAIKGGVEDEVTLSAYITIALLEIPLTVTHPVVRNALFCLESAWKTAQEGDH
GSHVYTKALLAYAFALAGNQDKRKEVLKSLNEEAVKKDNSVHWERPQKPKAPVGHFYEPQ
APSAEVEMTSYVLLAYLTAQPAPTSEDLTSATNIVKWITKQQNAQGGFSSTQDTVVALHA
LSKYGAATFTRTGKAAQVTIQSSGTFSSKFQVDNNNRLLLQQVSLPELPGEYSMKVTGEG
CVYLQTSLKYNILPEKEEFPFALGVQTLPQTCDEPKAHTSFQISLSVSYTGSRSASNMAI
VDVKMVSGFIPLKPTVKMLERSNHVSRTEVSSNHVLIYLDKVSNQTLSLFFTVLQDVPVR
DLKPAIVKVYDYYETDEFAIAEYNAPCSKDLGNA"
