Protein Name,Gene Name,Function,First 60 Amino Acids
Albumin,ALB,"Maintains osmotic pressure, transports molecules",MKWVTFISLL FLFSSAYSRG VFRRDAHKSE VAHRFKDLGE ENFKALVLIA FAQYLQQCPF
IgG (Heavy Chain),IGHG1,Major antibody in plasma,EVQLVESGGG LVQPGGSLRL SCAASGFTFS SYAMSWVRQA PGKGLEWVSA ISSGGGSTYY
Fibrinogen (Alpha),FGA,Precursor to fibrin in blood clotting,MSSFFDSRDR GCEIFKKEKY EGRYYLAEFK KQSASKDYAE KDCYDSFKES KKCLIDDLKK
Transferrin,TF,Iron transport,MGLWLCFLTK WVESDGLCKA VHVNLGNTEG KPVTEYAVAV VKKGTDFQLN CTVYAYGGRA
Haptoglobin,HP,Binds free hemoglobin,MGKVLVVLLL ALCFLVYSPV RVPVDGSLFA SLKSLFLFSS LNALTPKPLS LKYRGTKVYR
Complement C3,C3,Innate immune response,MTLQGLLSLW LLFSTTLAQA PTPLSGTPDL GEAVQASIQS SGLMTLSGED PIFKARVYDL
Alpha-1-antitrypsin,SERPINA1,Inhibits proteases,MLVNSPLLLA LLLVFLPLAA TPAVHASVTL GAVSFCLSLT EGDLLVVLGA QNASKFQIST
C-Reactive Protein,CRP,"Acute-phase protein, binds bacteria/damaged cells",MVTKMLLSLV LFLAFSLSGA EVPEVLESSG SYVLTPLKPL KPLKPLKPLK PLKPLKPLKP
Fetuin-A,AHSG,"Inhibits calcification, modulates insulin signaling",MKALIVLVLL LSGLLVCEGA SVAPDPLEPH IHEAEDVAVI PGVASQDLLK VAVKVPQVST
Ceruloplasmin,CP,"Copper transport, oxidizes iron",MKLWAALLCL LLSGLLAMAK AETLPVDFTP PNHGYVYAVH VQGVGYQHQE PDPAQGYHVA
